{"cameraMode":{"drawMode":0,"name":"Shaded","section":"Shading Mode"},"sceneLighting":true,"audioPlay":false,"sceneViewState":{"m_AlwaysRefresh":false,"showFog":true,"showSkybox":true,"showFlares":true,"showImageEffects":true,"showParticleSystems":true,"showVisualEffectGraphs":true,"m_FxEnabled":true},"in2DMode":false,"pivot":{"x":-20.005319595336915,"y":-11.516229629516602,"z":-13.715795516967774},"rotation":{"x":-0.11406724900007248,"y":0.8756751418113709,"z":-0.25257107615470889,"w":-0.39546895027160647},"size":24.762392044067384,"orthographic":false}