{"cameraMode":{"drawMode":0,"name":"Shaded","section":"Shading Mode"},"sceneLighting":false,"audioPlay":false,"sceneViewState":{"m_AlwaysRefresh":false,"showFog":true,"showSkybox":false,"showFlares":true,"showImageEffects":true,"showParticleSystems":true,"showVisualEffectGraphs":true,"m_FxEnabled":true},"in2DMode":false,"pivot":{"x":0.05749068409204483,"y":8.374228477478028,"z":3.781174659729004},"rotation":{"x":-0.03330434486269951,"y":-0.0005850531160831451,"z":0.00003280894088675268,"w":-0.9994534254074097},"size":3.411573648452759,"orthographic":false}